FOLDER_NAME,FILE_NAME,DEST_FILE_NAME.ff
GOOERE62,KC524V.O.BART.B.CAMPS.REJECTS.G3254.ORE62.ff,PGO0O.BART.B.CAMPS.REJECTS.ff
GOOERE62,KC524V.O.BART.B.CREDIT.DPO1.G8730.IRE62.ff,PGO0O.BART.B.CREDIT.DPO1.ff
GOLECP91,KS5675.L.BART.B.CREDIT.DPO1.G8723.I0507.ff,PGO0L.BART.B.CREDIT.DPO1.ff
GOLECP91,KS5675.L.BART.B.CAMPS.REJECTS.G5960.O0507.ff,PGO0L.BART.B.CAMPS.REJECTS.ff
GOMECP91,KS8184.BART.B.CAMPS.REJECTS.G5940.O705.ff,PGO0M.BART.B.CAMPS.REJECTS.ff
GOMECP91,KS8184.BART.B.CREDIT.DPO1.G8720.I705.ff,PGO0M.BART.B.CREDIT.DPO1.ff
GOOECP91,KC524V.O.BART.B.CAMPS.REJECTS.G3254.OCP91.ff,PGO0O.BART.B.CAMPS.REJECTS.ff
GOOECP91,KC524V.O.BART.B.CREDIT.DPO1.G8730.ICP91.ff,PGO0O.BART.B.CREDIT.DPO1.ff
GONECP91,KC524V.N.BART.B.CAMPS.REJECTS.G8643.OCP91.ff,PGO0N.BART.B.CAMPS.REJECTS.ff
GONECP91,KC524V.N.BART.B.CREDIT.DPO1.G8710.ICP91.ff,PGO0N.BART.B.CREDIT.DPO1.ff
GOWECP91,GL9144.W.BART.B.CAMPS.REJECTS.G1038.OCP91.ff,PGO0W.BART.B.CAMPS.REJECTS.ff
GOWECP91,GL9144.W.BART.B.CREDIT.DPO1.G8722.ICP91.ff,PGO0W.BART.B.CREDIT.DPO1.ff
GOLECP92,KS5675.L.BART.B.CREDIT.DPO2.G8722.I0507.ff,PGO0L.BART.B.CREDIT.DPO2.ff
GOLECP92,KS5675.L.BART.B.CAMPS.REJECTS.G5958.O0507.ff,PGO0L.BART.B.CAMPS.REJECTS.ff
GOMECP92,KS8184.BART.B.CAMPS.REJECTS.G5939.O705.ff,PGO0M.BART.B.CAMPS.REJECTS.ff
GOMECP92,KS8184.BART.B.CREDIT.DPO2.G8720.I705.ff,PGO0M.BART.B.CREDIT.DPO2.ff
GOOECP92,KC524V.O.BART.B.CAMPS.REJECTS.G3253.OCP92.ff,PGO0O.BART.B.CAMPS.REJECTS.ff
GOOECP92,KC524V.O.BART.B.CREDIT.DPO2.G8730.ICP92.ff,PGO0O.BART.B.CREDIT.DPO2.ff
GOLECP93,KS5675.L.BART.B.CREDIT.DPO3.G8723.I0507.ff,PGO0L.BART.B.CREDIT.DPO3.ff
GOLECP93,KS5675.L.BART.B.CAMPS.REJECTS.G5959.O0507.ff,PGO0L.BART.B.CAMPS.REJECTS.ff
GOMECP93,KS8184.BART.B.CAMPS.REJECTS.G5938.O705.ff,PGO0M.BART.B.CAMPS.REJECTS.ff
GOMECP93,KS8184.BART.B.CREDIT.DPO3.G8720.I705.ff,PGO0M.BART.B.CREDIT.DPO3.ff
GOOECP93,KC524V.O.BART.B.CAMPS.REJECTS.G3250.OCP93.ff,PGO0O.BART.B.CAMPS.REJECTS.ff
GOOECP93,KC524V.O.BART.B.CREDIT.DPO3.G8730.ICP93.ff,PGO0O.BART.B.CREDIT.DPO3.ff
GOOECP94,KC524V.O.BART.B.CAMPS.REJECTS.G3251.OCP94.ff,PGO0O.BART.B.CAMPS.REJECTS.ff
GOOECP94,KC524V.O.BART.B.CREDIT.DPO4.G8730.ICP94.ff,PGO0O.BART.B.CREDIT.DPO4.ff
GOOECP95,KC524V.O.BART.B.CAMPS.REJECTS.G3252.OCP95.ff,PGO0O.BART.B.CAMPS.REJECTS.ff
GOOECP95,KC524V.O.BART.B.CREDIT.DPO5.G8764.ICP95.ff,PGO0O.BART.B.CREDIT.DPO5.ff
GOOERE62,KC524V.O.BART.B.CAMPS.REJECTS.G3254.ORE62.txt,KC524V.O.BART.B.CAMPS.REJECTS.G3254.ORE62.txt
GOOERE62,KC524V.O.BART.B.CREDIT.DPO1.G8730.IRE62.txt,KC524V.O.BART.B.CREDIT.DPO1.G8730.IRE62.txt
GOLECP91,KS5675.L.BART.B.CREDIT.DPO1.G8723.I0507.txt,KS5675.L.BART.B.CREDIT.DPO1.G8723.I0507.txt
GOLECP91,KS5675.L.BART.B.CAMPS.REJECTS.G5960.O0507.txt,KS5675.L.BART.B.CAMPS.REJECTS.G5960.O0507.txt
GOMECP91,KS8184.BART.B.CAMPS.REJECTS.G5940.O705.txt,KS8184.BART.B.CAMPS.REJECTS.G5940.O705.txt
GOMECP91,KS8184.BART.B.CREDIT.DPO1.G8720.I705.txt,KS8184.BART.B.CREDIT.DPO1.G8720.I705.txt
GOOECP91,KC524V.O.BART.B.CAMPS.REJECTS.G3254.OCP91.txt,KC524V.O.BART.B.CAMPS.REJECTS.G3254.OCP91.txt
GOOECP91,KC524V.O.BART.B.CREDIT.DPO1.G8730.ICP91.txt,KC524V.O.BART.B.CREDIT.DPO1.G8730.ICP91.txt
GONECP91,KC524V.N.BART.B.CAMPS.REJECTS.G8643.OCP91.txt,KC524V.N.BART.B.CAMPS.REJECTS.G8643.OCP91.txt
GONECP91,KC524V.N.BART.B.CREDIT.DPO1.G8710.ICP91.txt,KC524V.N.BART.B.CREDIT.DPO1.G8710.ICP91.txt
GOWECP91,GL9144.W.BART.B.CAMPS.REJECTS.G1038.OCP91.txt,GL9144.W.BART.B.CAMPS.REJECTS.G1038.OCP91.txt
GOWECP91,GL9144.W.BART.B.CREDIT.DPO1.G8722.ICP91.txt,GL9144.W.BART.B.CREDIT.DPO1.G8722.ICP91.txt
GOLECP92,KS5675.L.BART.B.CREDIT.DPO2.G8722.I0507.txt,KS5675.L.BART.B.CREDIT.DPO2.G8722.I0507.txt
GOLECP92,KS5675.L.BART.B.CAMPS.REJECTS.G5958.O0507.txt,KS5675.L.BART.B.CAMPS.REJECTS.G5958.O0507.txt
GOMECP92,KS8184.BART.B.CAMPS.REJECTS.G5939.O705.txt,KS8184.BART.B.CAMPS.REJECTS.G5939.O705.txt
GOMECP92,KS8184.BART.B.CREDIT.DPO2.G8720.I705.txt,KS8184.BART.B.CREDIT.DPO2.G8720.I705.txt
GOOECP92,KC524V.O.BART.B.CAMPS.REJECTS.G3253.OCP92.txt,KC524V.O.BART.B.CAMPS.REJECTS.G3253.OCP92.txt
GOOECP92,KC524V.O.BART.B.CREDIT.DPO2.G8730.ICP92.txt,KC524V.O.BART.B.CREDIT.DPO2.G8730.ICP92.txt
GOLECP93,KS5675.L.BART.B.CREDIT.DPO3.G8723.I0507.txt,KS5675.L.BART.B.CREDIT.DPO3.G8723.I0507.txt
GOLECP93,KS5675.L.BART.B.CAMPS.REJECTS.G5959.O0507.txt,KS5675.L.BART.B.CAMPS.REJECTS.G5959.O0507.txt
GOMECP93,KS8184.BART.B.CAMPS.REJECTS.G5938.O705.txt,KS8184.BART.B.CAMPS.REJECTS.G5938.O705.txt
GOMECP93,KS8184.BART.B.CREDIT.DPO3.G8720.I705.txt,KS8184.BART.B.CREDIT.DPO3.G8720.I705.txt
GOOECP93,KC524V.O.BART.B.CAMPS.REJECTS.G3250.OCP93.txt,KC524V.O.BART.B.CAMPS.REJECTS.G3250.OCP93.txt
GOOECP93,KC524V.O.BART.B.CREDIT.DPO3.G8730.ICP93.txt,KC524V.O.BART.B.CREDIT.DPO3.G8730.ICP93.txt
GOOECP94,KC524V.O.BART.B.CAMPS.REJECTS.G3251.OCP94.txt,KC524V.O.BART.B.CAMPS.REJECTS.G3251.OCP94.txt
GOOECP94,KC524V.O.BART.B.CREDIT.DPO4.G8730.ICP94.txt,KC524V.O.BART.B.CREDIT.DPO4.G8730.ICP94.txt
GOOECP95,KC524V.O.BART.B.CAMPS.REJECTS.G3252.OCP95.txt,KC524V.O.BART.B.CAMPS.REJECTS.G3252.OCP95.txt
GOOECP95,KC524V.O.BART.B.CREDIT.DPO5.G8764.ICP95.txt,KC524V.O.BART.B.CREDIT.DPO5.G8764.ICP95.txt
